StoreID,DayOfWeek,Promotion,Holiday,Temperature,FuelPrice,CPI,Unemployment,Sales_3Months,Store_Total_Sales
0.3745401188473625,0.6118528947223795,0.12203823484477883,0.0,0.8631034258755935,0.031429185686734244,0.8074401551640625,0.9624472949421112,0.36778313271925317,0.3410663510502585
0.9507143064099162,0.13949386065204183,0.4951769101112702,0.0,0.6232981268275579,0.6364104112637803,0.8960912999234932,0.25178229582536416,0.6323058305935794,0.11347352124058907
0.7319939418114051,0.29214464853521815,0.034388521115218396,0.0,0.3308980248526492,0.3143559810763266,0.3180034749718639,0.49724850589238545,0.6335297107608946,0.9246936182785628
0.5986584841970366,0.3663618432936917,0.9093204020787821,0.0,0.06355835028602363,0.5085706911647027,0.11005192452767676,0.30087830981676966,0.5357746840747584,0.877339353380981
0.15601864044243652,0.45606998421703593,0.2587799816000169,0.0,0.3109823217156622,0.9075664739260928,0.22793516254194168,0.2848404943774676,0.09028977005440829,0.2579416277151556
0.15599452033620265,0.7851759613930136,0.662522284353982,0.0,0.32518332202674705,0.2492922291488749,0.4271077886262563,0.036886947354532795,0.8353024955892379,0.659984046034179
0.05808361216819946,0.19967378215835974,0.31171107608941095,0.0,0.7296061783380641,0.4103829230356296,0.8180147659224931,0.6095643339798968,0.3207800649717358,0.8172222002012158
0.8661761457749352,0.5142344384136116,0.5200680211778108,0.0,0.6375574713552131,0.7555511385430485,0.8607305832563434,0.5026790232288615,0.1865185103998542,0.5552008115994623
0.6011150117432088,0.5924145688620425,0.5467102793432796,0.0,0.8872127425763265,0.2287981654916224,0.006952130531190703,0.05147875124998935,0.04077514155476391,0.5296505783560065
0.7080725777960455,0.046450412719997725,0.18485445552552704,0.0,0.4722149251619493,0.07697990982879298,0.5107473025775657,0.27864646423661144,0.5908929431882417,0.24185229090045168
0.020584494295802447,0.6075448519014384,0.9695846277645586,0.0,0.1195942459383017,0.28975145291376797,0.417411003148779,0.9082658859666537,0.6775643618422823,0.09310276780589921
0.9699098521619943,0.17052412368729153,0.7751328233611146,0.0,0.713244787222995,0.1612212872540044,0.22210781047073025,0.23956189066697242,0.01658782892785615,0.8972157579533268
0.8324426408004217,0.06505159298527952,0.9394989415641891,0.0,0.7607850486168974,0.9296976523425728,0.1198653673336828,0.1448948720912231,0.5120930582992809,0.9004180571633305
0.21233911067827616,0.9488855372533332,0.8948273504276488,0.0,0.5612771975694962,0.8081203795644167,0.33761517140362796,0.489452760277563,0.22649577519793793,0.6331014572732679
0.18182496720710062,0.9656320330745594,0.5978999788110851,0.0,0.770967179954561,0.6334037565104234,0.9429097039125192,0.9856504541106007,0.6451727904094497,0.3390297910487007
0.18340450985343382,0.8083973481164611,0.9218742350231168,0.0,0.49379559636439074,0.8714605901877175,0.32320293202075523,0.2420552715115004,0.1743664290049914,0.3492095746126609
0.3042422429595377,0.3046137691733707,0.0884925020519195,0.0,0.5227328293819941,0.8036720768991142,0.5187906217433661,0.6721355474058786,0.6909377381024658,0.7259556788702394
0.5247564316322378,0.09767211400638387,0.1959828624191452,0.0,0.42754101835854963,0.1865700588860358,0.7030189588951778,0.7616196153287176,0.38673534630053735,0.8971102599525771
0.43194501864211576,0.6842330265121569,0.045227288910538066,0.0,0.02541912674409519,0.8925589984899776,0.363629602379294,0.23763754399239967,0.9367299887367344,0.8870864242651173
0.2912291401980419,0.4401524937396013,0.32533033076326434,0.0,0.10789142699330445,0.5393422419156506,0.9717820827209607,0.7282163486118596,0.13752094414599322,0.7798755458576239
